<?xml version="1.0" encoding="UTF-8" standalone="yes"?>
<addon id="repository.spark" name="Spark Repository" version="1.0" provider-name="Spark">
    <extension point="xbmc.addon.repository" name="Spark Repository">
        <dir>
            <info compressed="false">https://raw.githubusercontent.com/Spark-NV/myrepo/main/matrix/zips/addons.xml</info>
            <checksum>https://raw.githubusercontent.com/Spark-NV/myrepo/main/matrix/zips/addons.xml.md5</checksum>
            <datadir zip="true">https://raw.githubusercontent.com/Spark-NV/myrepo/main/matrix/zips/</datadir>
        </dir>
    </extension>
    <extension point="xbmc.addon.metadata">
        <summary>Spark Repository</summary>
        <description>My personal repository.</description>
        <disclaimer></disclaimer>
        <platform>all</platform>
        <assets>
            <icon>icon.png</icon>
            <fanart>fanart.jpg</fanart>
        </assets>
    </extension>
</addon>
